Workbook

Sheet Data
A1: STT | B1: No | C1: Objects | D1: Goals UMP | E1: Goals HCTH | F1: Measure (KPI) | G1: 2025 | H1: 2026 | I1: 2027 | J1: 2028 | K1: 2029 | L1: Năm đích | M1: Tỷ lệ đạt (%) | N1: Trạng thái
A2: 1 | B2: O1 | C2: Giáo dục: Hội nhập và đạt chuẩn quốc tế | D2: 1.1. 100% chương trình giáo dục đại học và tối thiểu 30% chương trình đào tạo sau đại học đạt kiểm định quốc tế. | E2: 1.1.Đáp ứng 100% các yêu cầu rà soát công tác HCTH theo các góp ý của Đoàn kiểm định | F2: MF1. ít nhất 02 nhân sự đạt chuẩn quốc tế về ngoại ngữ (ít nhất đạt 5.5 Ielts hoặc tương đương). | K2: x | L2: =VALUE(INDEX(G$1:K$1,MATCH("x",G2:K2,0))) -> 2029 | M2: 0 | N2: =IF(M2>=100,"Hoàn thành",IF(M2>0,"Đang thực hiện",IF(L2>YEAR(TODAY()),"Chưa đến hạn","Không đạt"))) -> Chưa đến hạn
A3: 2 | B3: O1 | C3: Giáo dục: Hội nhập và đạt chuẩn quốc tế | D3: 1.1. 100% chương trình giáo dục đại học và tối thiểu 30% chương trình đào tạo sau đại học đạt kiểm định quốc tế. | E3: 1.1.Đáp ứng 100% các yêu cầu rà soát công tác HCTH theo các góp ý của Đoàn kiểm định | F3: MF2: Website Tiếng Anh được cập nhật liên tục phục vụ công tác kiểm định nói riêng và công tác thông tin, quảng bá UMP nói chung. | K3: x | L3: =VALUE(INDEX(G$1:K$1,MATCH("x",G3:K3,0))) -> 2029 | M3: 100 | N3: =IF(M3>=100,"Hoàn thành",IF(M3>0,"Đang thực hiện",IF(L3>YEAR(TODAY()),"Chưa đến hạn","Không đạt"))) -> Hoàn thành
A4: 3 | B4: O1 | C4: Giáo dục: Hội nhập và đạt chuẩn quốc tế | D4: 1.2. 100% chương trình Giáo dục Đại học đều được đối sánh với một chương trình tương ứng của các trường ở Đông Nam Á / Châu Á được xếp hạng trong top 100 Châu Á. | E4: 1.2. Đáp ứng 100% yêu cầu của các đơn vị để đảm bảo đối sánh | F4: MF1: Có 01 sản phẩm Brochure (Tiếng Anh, Việt) được phát hành. | I4: x | J4: x | K4: x | L4: =VALUE(INDEX(G$1:K$1,MATCH("x",G4:K4,0))) -> 2027 | M4: 100 | N4: =IF(M4>=100,"Hoàn thành",IF(M4>0,"Đang thực hiện",IF(L4>YEAR(TODAY()),"Chưa đến hạn","Không đạt"))) -> Hoàn thành
A5: 4 | B5: O1 | C5: Giáo dục: Hội nhập và đạt chuẩn quốc tế | D5: 1.2. 100% chương trình Giáo dục Đại học đều được đối sánh với một chương trình tương ứng của các trường ở Đông Nam Á / Châu Á được xếp hạng trong top 100 Châu Á. | E5: 1.2. Đáp ứng 100% yêu cầu của các đơn vị để đảm bảo đối sánh | F5: MF2: Có 1 trang thông tin (Anh, Việt) giới thiệu về UMP phục vụ công tác kiểm định. | I5: x | J5: x | K5: x | L5: =VALUE(INDEX(G$1:K$1,MATCH("x",G5:K5,0))) -> 2027 | M5: 100 | N5: =IF(M5>=100,"Hoàn thành",IF(M5>0,"Đang thực hiện",IF(L5>YEAR(TODAY()),"Chưa đến hạn","Không đạt"))) -> Hoàn thành
A6: 5 | B6: O1 | C6: Giáo dục: Hội nhập và đạt chuẩn quốc tế | D6: 1.2. 100% chương trình Giáo dục Đại học đều được đối sánh với một chương trình tương ứng của các trường ở Đông Nam Á / Châu Á được xếp hạng trong top 100 Châu Á. | E6: 1.2. Đáp ứng 100% yêu cầu của các đơn vị để đảm bảo đối sánh | F6: MF3: 100% các tin tức, thông báo về đối sánh được đăng tải đúng thời gian quy định. | I6: x | J6: x | K6: x | L6: =VALUE(INDEX(G$1:K$1,MATCH("x",G6:K6,0))) -> 2027 | M6: 0 | N6: =IF(M6>=100,"Hoàn thành",IF(M6>0,"Đang thực hiện",IF(L6>YEAR(TODAY()),"Chưa đến hạn","Không đạt"))) -> Chưa đến hạn
A7: 6 | B7: O1 | C7: Giáo dục: Hội nhập và đạt chuẩn quốc tế | D7: 1.3. Xây dựng tối thiểu 02 chương trình quốc tế; quốc tế hoá phát triển giảng viên và trao đổi sinh viên. | E7: 1.3. Đáp ứng yêu cầu của các đơn vị đào tạo để mở ít nhất 2 CTĐT Quốc tế | F7: MF1:. Website song ngữ Anh - Việt được cập nhật nhanh nhất. | H7: x | I7: x | J7: x | K7: x | L7: =VALUE(INDEX(G$1:K$1,MATCH("x",G7:K7,0))) -> 2026 | M7: 100 | N7: =IF(M7>=100,"Hoàn thành",IF(M7>0,"Đang thực hiện",IF(L7>YEAR(TODAY()),"Chưa đến hạn","Không đạt"))) -> Hoàn thành
A8: 7 | B8: O1 | C8: Giáo dục: Hội nhập và đạt chuẩn quốc tế | D8: 1.3. Xây dựng tối thiểu 02 chương trình quốc tế; quốc tế hoá phát triển giảng viên và trao đổi sinh viên. | E8: 1.3. Đáp ứng yêu cầu của các đơn vị đào tạo để mở ít nhất 2 CTĐT Quốc tế | F8: MF2: 100% các bảng hiệu được thiết kế song ngữ. | H8: x | I8: x | J8: x | K8: x | L8: =VALUE(INDEX(G$1:K$1,MATCH("x",G8:K8,0))) -> 2026 | M8: 100 | N8: =IF(M8>=100,"Hoàn thành",IF(M8>0,"Đang thực hiện",IF(L8>YEAR(TODAY()),"Chưa đến hạn","Không đạt"))) -> Hoàn thành
A9: 8 | B9: O1 | C9: Giáo dục: Hội nhập và đạt chuẩn quốc tế | D9: 1.3. Xây dựng tối thiểu 02 chương trình quốc tế; quốc tế hoá phát triển giảng viên và trao đổi sinh viên. | E9: 1.3. Đáp ứng yêu cầu của các đơn vị đào tạo để mở ít nhất 2 CTĐT Quốc tế | F9: MF3: Xây dựng ít nhất phòng nghỉ đạt chuẩn cho GV Quốc tế | J9: x | K9: x | L9: =VALUE(INDEX(G$1:K$1,MATCH("x",G9:K9,0))) -> 2028 | M9: 0 | N9: =IF(M9>=100,"Hoàn thành",IF(M9>0,"Đang thực hiện",IF(L9>YEAR(TODAY()),"Chưa đến hạn","Không đạt"))) -> Chưa đến hạn
A10: 9 | B10: O2 | C10: Nghiên cứu khoa học: Sáng tạo và học thuật | D10: 2.1 Xây dựng 05 nhóm nghiên cứu mạnh/ tiệm cận mạnh theo Nghị định 109/2022/NĐ-CP và 05 chương trình KC (10, 11, 12) hoặc tương đương. | E10: 2.1. Xây dựng Kế hoạch truyền thông về các nhóm NC; quảng bá nhóm nghiên cứu mạnh. | F10: MF1: Đạt ít nhất 10.000 lượt truy cập vào website và fanpage nhóm nghiên cứu mạnh mỗi năm. | H10: x | I10: x | J10: x | K10: x | L10: =VALUE(INDEX(G$1:K$1,MATCH("x",G10:K10,0))) -> 2026 | M10: 100 | N10: =IF(M10>=100,"Hoàn thành",IF(M10>0,"Đang thực hiện",IF(L10>YEAR(TODAY()),"Chưa đến hạn","Không đạt"))) -> Hoàn thành
A11: 10 | B11: O2 | C11: Nghiên cứu khoa học: Sáng tạo và học thuật | D11: 2.1 Xây dựng 05 nhóm nghiên cứu mạnh/ tiệm cận mạnh theo Nghị định 109/2022/NĐ-CP và 05 chương trình KC (10, 11, 12) hoặc tương đương. | E11: 2.1. Xây dựng Kế hoạch truyền thông về các nhóm NC; quảng bá nhóm nghiên cứu mạnh. | F11: MF2: Tổ chức lễ ra mắt nhóm NC mạnh và tổ chức talkshow về các nhóm nghiên cứu xuất sắc mỗi năm. | H11: x | I11: x | J11: x | K11: x | L11: =VALUE(INDEX(G$1:K$1,MATCH("x",G11:K11,0))) -> 2026 | M11: 100 | N11: =IF(M11>=100,"Hoàn thành",IF(M11>0,"Đang thực hiện",IF(L11>YEAR(TODAY()),"Chưa đến hạn","Không đạt"))) -> Hoàn thành
A12: 11 | B12: O2 | C12: Nghiên cứu khoa học: Sáng tạo và học thuật | D12: 2.2. Tăng gấp đôi số bài báo quốc tế có uy tín; | E12: 2.2. Xây dựng Kế hoạch truyền thông về nhà nghiên cứu xuất sắc, nhóm nghiên cứu xuất sắc, bài báo xuất sắc hàng Quý. | F12: MF1. Cử 2 nhân sự tham gia tập huấn. | H12: x | I12: x | J12: x | K12: x | L12: =VALUE(INDEX(G$1:K$1,MATCH("x",G12:K12,0))) -> 2026 | M12: 100 | N12: =IF(M12>=100,"Hoàn thành",IF(M12>0,"Đang thực hiện",IF(L12>YEAR(TODAY()),"Chưa đến hạn","Không đạt"))) -> Hoàn thành
A13: 12 | B13: O2 | C13: Nghiên cứu khoa học: Sáng tạo và học thuật | D13: 2.2. Tăng gấp đôi số bài báo quốc tế có uy tín; | E13: 2.2. Xây dựng Kế hoạch truyền thông về nhà nghiên cứu xuất sắc, nhóm nghiên cứu xuất sắc, bài báo xuất sắc hàng Quý. | F13: MF2: Có ít nhất một sản phẩm truyền thông về nhóm NC mạnh và sản phẩm NC xuất sắc hàng quý | H13: x | I13: x | J13: x | K13: x | L13: =VALUE(INDEX(G$1:K$1,MATCH("x",G13:K13,0))) -> 2026 | M13: 100 | N13: =IF(M13>=100,"Hoàn thành",IF(M13>0,"Đang thực hiện",IF(L13>YEAR(TODAY()),"Chưa đến hạn","Không đạt"))) -> Hoàn thành
A14: 13 | B14: O2 | C14: Nghiên cứu khoa học: Sáng tạo và học thuật | D14: 2.3. Có 10 dự án chuyển giao kỹ thuật/công nghệ thông qua nghiên cứu hợp tác với giới công/doanh nghiệp và thành lập một công ty TNHH 1 thành viên. | E14: 2.3. Xây dựng Kế hoạch truyền thông về chuyển giao công nghệ (theo Nghị quyết số 57-NQ/TW ngày 22/12/2024 của Bộ Chính trị về đột phá phát triển khoa học, công nghệ, đổi mới sáng tạo và chuyển đổi số quốc gia) | F14: MF1: Hoàn thành 1 bộ tài liệu tài liệu hướng dẫn | H14: x | I14: x | J14: x | K14: x | L14: =VALUE(INDEX(G$1:K$1,MATCH("x",G14:K14,0))) -> 2026 | M14: 60 | N14: =IF(M14>=100,"Hoàn thành",IF(M14>0,"Đang thực hiện",IF(L14>YEAR(TODAY()),"Chưa đến hạn","Không đạt"))) -> Đang thực hiện
A15: 14 | B15: O2 | C15: Nghiên cứu khoa học: Sáng tạo và học thuật | D15: 2.3. Có 10 dự án chuyển giao kỹ thuật/công nghệ thông qua nghiên cứu hợp tác với giới công/doanh nghiệp và thành lập một công ty TNHH 1 thành viên. | E15: 2.3. Xây dựng Kế hoạch truyền thông về chuyển giao công nghệ (theo Nghị quyết số 57-NQ/TW ngày 22/12/2024 của Bộ Chính trị về đột phá phát triển khoa học, công nghệ, đổi mới sáng tạo và chuyển đổi số quốc gia) | F15: MF2: 100% các nhóm NC và chuyên viên phục trách truyền thông, NCKH của các đơn vị được tập huấn | H15: x | I15: x | J15: x | K15: x | L15: =VALUE(INDEX(G$1:K$1,MATCH("x",G15:K15,0))) -> 2026 | M15: 0 | N15: =IF(M15>=100,"Hoàn thành",IF(M15>0,"Đang thực hiện",IF(L15>YEAR(TODAY()),"Chưa đến hạn","Không đạt"))) -> Không đạt
A16: 15 | B16: O2 | C16: Nghiên cứu khoa học: Sáng tạo và học thuật | D16: 2.3. Có 10 dự án chuyển giao kỹ thuật/công nghệ thông qua nghiên cứu hợp tác với giới công/doanh nghiệp và thành lập một công ty TNHH 1 thành viên. | E16: 2.3. Xây dựng Kế hoạch truyền thông về chuyển giao công nghệ (theo Nghị quyết số 57-NQ/TW ngày 22/12/2024 của Bộ Chính trị về đột phá phát triển khoa học, công nghệ, đổi mới sáng tạo và chuyển đổi số quốc gia) | F16: MF3: 100% thông tin được cập nhật nhanh nhất trên các nền tảng | H16: x | I16: x | J16: x | K16: x | L16: =VALUE(INDEX(G$1:K$1,MATCH("x",G16:K16,0))) -> 2026 | M16: 100 | N16: =IF(M16>=100,"Hoàn thành",IF(M16>0,"Đang thực hiện",IF(L16>YEAR(TODAY()),"Chưa đến hạn","Không đạt"))) -> Hoàn thành
A17: 16 | B17: O2 | C17: Nghiên cứu khoa học: Sáng tạo và học thuật | D17: 2.3. Có 10 dự án chuyển giao kỹ thuật/công nghệ thông qua nghiên cứu hợp tác với giới công/doanh nghiệp và thành lập một công ty TNHH 1 thành viên. | E17: 2.3. Xây dựng Kế hoạch truyền thông về chuyển giao công nghệ (theo Nghị quyết số 57-NQ/TW ngày 22/12/2024 của Bộ Chính trị về đột phá phát triển khoa học, công nghệ, đổi mới sáng tạo và chuyển đổi số quốc gia) | F17: MF4: Tổ chức thăm quan, học tập kinh nghiệm tại một trường ĐH đã thực hiện tốt về công tác truyền thông KHCN, đổi mới sáng tạo, chuyển giao công nghệ. | H17: x | I17: x | J17: x | K17: x | L17: =VALUE(INDEX(G$1:K$1,MATCH("x",G17:K17,0))) -> 2026 | M17: 0 | N17: =IF(M17>=100,"Hoàn thành",IF(M17>0,"Đang thực hiện",IF(L17>YEAR(TODAY()),"Chưa đến hạn","Không đạt"))) -> Không đạt
A18: 17 | B18: O3 | C18: Phục vụ cộng đồng: Tinh thần phụng sự và nâng tầm ảnh hưởng | D18: 3.1. Xây dựng BVĐHYD thành BV trường đại học kiểu mẫu. | E18: 3.1. Xây dựng kế hoạch chuẩn hóa công tác HCTH và truyền thông của BV theo quy định của UMP | F18: MF1: Tổ chức ít nhất 1 buổi hội thảo, tập huấn về công tác truyền thông UMP-UMC | H18: x | I18: x | J18: x | K18: x | L18: =VALUE(INDEX(G$1:K$1,MATCH("x",G18:K18,0))) -> 2026 | M18: 100 | N18: =IF(M18>=100,"Hoàn thành",IF(M18>0,"Đang thực hiện",IF(L18>YEAR(TODAY()),"Chưa đến hạn","Không đạt"))) -> Hoàn thành
A19: 18 | B19: O3 | C19: Phục vụ cộng đồng: Tinh thần phụng sự và nâng tầm ảnh hưởng | D19: 3.1. Xây dựng BVĐHYD thành BV trường đại học kiểu mẫu. | E19: 3.1. Xây dựng kế hoạch chuẩn hóa công tác HCTH và truyền thông của BV theo quy định của UMP | F19: MF2: Xây dựng các quy trình chuẩn hóa, phối hợp, kiểm tra giám sát về công tác truyền thông | H19: x | I19: x | J19: x | K19: x | L19: =VALUE(INDEX(G$1:K$1,MATCH("x",G19:K19,0))) -> 2026 | M19: 100 | N19: =IF(M19>=100,"Hoàn thành",IF(M19>0,"Đang thực hiện",IF(L19>YEAR(TODAY()),"Chưa đến hạn","Không đạt"))) -> Hoàn thành
A20: 19 | B20: O3 | C20: Phục vụ cộng đồng: Tinh thần phụng sự và nâng tầm ảnh hưởng | D20: 3.2. Tăng 30% chương trình đào tạo liên tục và đa dạng hoá công tác đào tạo liên tục theo nhu cầu xã hội, hỗ trợ kỹ thuật và chuyển giao công nghệ. | E20: 3.2.Xây dựng kế hoạch truyền thông nhằm quảng bá các chương trình đào tạo liên tục | F20: MF1: Cử 2 nhân sự tham gia tập huấn về công tác tổ chức đào tạo liên tục. | H20: x | I20: x | J20: x | K20: x | L20: =VALUE(INDEX(G$1:K$1,MATCH("x",G20:K20,0))) -> 2026 | M20: 0 | N20: =IF(M20>=100,"Hoàn thành",IF(M20>0,"Đang thực hiện",IF(L20>YEAR(TODAY()),"Chưa đến hạn","Không đạt"))) -> Không đạt
A21: 20 | B21: O3 | C21: Phục vụ cộng đồng: Tinh thần phụng sự và nâng tầm ảnh hưởng | D21: 3.2. Tăng 30% chương trình đào tạo liên tục và đa dạng hoá công tác đào tạo liên tục theo nhu cầu xã hội, hỗ trợ kỹ thuật và chuyển giao công nghệ. | E21: 3.2.Xây dựng kế hoạch truyền thông nhằm quảng bá các chương trình đào tạo liên tục | F21: MF2: Có mô hình truyền thông đáp ứng yêu cầu của các đơn vị đào tạo liên tục | H21: x | I21: x | J21: x | K21: x | L21: =VALUE(INDEX(G$1:K$1,MATCH("x",G21:K21,0))) -> 2026 | M21: 50 | N21: =IF(M21>=100,"Hoàn thành",IF(M21>0,"Đang thực hiện",IF(L21>YEAR(TODAY()),"Chưa đến hạn","Không đạt"))) -> Đang thực hiện
A22: 21 | B22: O3 | C22: Phục vụ cộng đồng: Tinh thần phụng sự và nâng tầm ảnh hưởng | D22: 3.3. Cải thiện môi trường học thuật cho cộng đồng UMP và xây dựng dịch vụ một cổng cho sinh viên, học viên, giảng viên và các bên liên quan. | E22: 3.3. Cải thiện môi trường xanh (ESG) và tham gia xây dựng, triển khai dịch vụ một cổng (trên môi trường thực và số) cho sinh viên, học viên, giảng viên và các bên liên quan. | F22: MF1: Hoàn thành ít nhất 3 hạng mục cải thiện cảnh quan và vệ sinh môi trường trong mỗi năm. | H22: x | I22: x | J22: x | K22: x | L22: =VALUE(INDEX(G$1:K$1,MATCH("x",G22:K22,0))) -> 2026 | M22: 100 | N22: =IF(M22>=100,"Hoàn thành",IF(M22>0,"Đang thực hiện",IF(L22>YEAR(TODAY()),"Chưa đến hạn","Không đạt"))) -> Hoàn thành
A23: 22 | B23: O3 | C23: Phục vụ cộng đồng: Tinh thần phụng sự và nâng tầm ảnh hưởng | D23: 3.3. Cải thiện môi trường học thuật cho cộng đồng UMP và xây dựng dịch vụ một cổng cho sinh viên, học viên, giảng viên và các bên liên quan. | E23: 3.3. Cải thiện môi trường xanh (ESG) và tham gia xây dựng, triển khai dịch vụ một cổng (trên môi trường thực và số) cho sinh viên, học viên, giảng viên và các bên liên quan. | F23: MF2: Có ít nhất 1 sản phẩm truyền thông về ít nhất 1 đợt tập huấn về hệ thống một cổng. | I23: x | J23: x | K23: x | L23: =VALUE(INDEX(G$1:K$1,MATCH("x",G23:K23,0))) -> 2027 | M23: 0 | N23: =IF(M23>=100,"Hoàn thành",IF(M23>0,"Đang thực hiện",IF(L23>YEAR(TODAY()),"Chưa đến hạn","Không đạt"))) -> Chưa đến hạn
A24: 23 | B24: O4 | C24: Trí tuệ nhân tạo (AI): Thúc đẩy và ứng dụng | D24: 4.1. 20% số học phần học tập trong chương trình giáo dục và đào tạo có ứng dụng AI. | E24: 4.1. 20% số học phần học tập trong chương trình giáo dục và đào tạo có ứng dụng AI. | F24: MF1: Truyền thông về các học phần có ứng dụng AI | I24: x | L24: =VALUE(INDEX(G$1:K$1,MATCH("x",G24:K24,0))) -> 2027 | M24: 0 | N24: =IF(M24>=100,"Hoàn thành",IF(M24>0,"Đang thực hiện",IF(L24>YEAR(TODAY()),"Chưa đến hạn","Không đạt"))) -> Chưa đến hạn
A25: 24 | B25: O4 | C25: Trí tuệ nhân tạo (AI): Thúc đẩy và ứng dụng | D25: 4.2. Có 50 đề tài nghiên cứu khoa học trong lĩnh vực AI. | E25: 4.2. Có ít nhất 1 đề tài nghiên cứu khoa học liên quan đến lĩnh vực AI. | F25: MF1: Có ít nhất 1 đề tài nghiên cứu khoa học liên quan đến AI được phê duyệt và triển khai mỗi năm. | G25: x | H25: x | I25: x | J25: x | K25: x | L25: =VALUE(INDEX(G$1:K$1,MATCH("x",G25:K25,0))) -> 2025 | M25: 100 | N25: =IF(M25>=100,"Hoàn thành",IF(M25>0,"Đang thực hiện",IF(L25>YEAR(TODAY()),"Chưa đến hạn","Không đạt"))) -> Hoàn thành
A26: 25 | B26: O4 | C26: Trí tuệ nhân tạo (AI): Thúc đẩy và ứng dụng | D26: 4.3. Mỗi đơn vị có tối thiểu một ứng dụng công cụ AI trong hành chính và quản trị. | E26: 4.3. Xây dựng một công cụ AI (chatbot) phục vụ công tác HCTH | F26: MF1: Có 1 chatbot được tích hợp vào ERP. | I26: x | L26: =VALUE(INDEX(G$1:K$1,MATCH("x",G26:K26,0))) -> 2027 | M26: 0 | N26: =IF(M26>=100,"Hoàn thành",IF(M26>0,"Đang thực hiện",IF(L26>YEAR(TODAY()),"Chưa đến hạn","Không đạt"))) -> Chưa đến hạn
A27: 26 | B27: O4 | C27: Trí tuệ nhân tạo (AI): Thúc đẩy và ứng dụng | D27: 4.3. Mỗi đơn vị có tối thiểu một ứng dụng công cụ AI trong hành chính và quản trị. | E27: 4.3. Xây dựng một công cụ AI (chatbot) phục vụ công tác HCTH | F27: MF2: Có 1 buổi tập huấn về huấn luyện và sử dụng chatbot | I27: x | L27: =VALUE(INDEX(G$1:K$1,MATCH("x",G27:K27,0))) -> 2027 | M27: 0 | N27: =IF(M27>=100,"Hoàn thành",IF(M27>0,"Đang thực hiện",IF(L27>YEAR(TODAY()),"Chưa đến hạn","Không đạt"))) -> Chưa đến hạn
A28: 27 | B28: O4 | C28: Trí tuệ nhân tạo (AI): Thúc đẩy và ứng dụng | D28: 4.3. Mỗi đơn vị có tối thiểu một ứng dụng công cụ AI trong hành chính và quản trị. | E28: 4.3. Xây dựng một công cụ AI (chatbot) phục vụ công tác HCTH | F28: MF3: Chatbot được rà soát, cập nhật hàng năm và theo yêu cầu | I28: x | J28: x | K28: x | L28: =VALUE(INDEX(G$1:K$1,MATCH("x",G28:K28,0))) -> 2027 | M28: 0 | N28: =IF(M28>=100,"Hoàn thành",IF(M28>0,"Đang thực hiện",IF(L28>YEAR(TODAY()),"Chưa đến hạn","Không đạt"))) -> Chưa đến hạn
A29: 28 | B29: O5 | C29: Quản trị đại học: Hiệu quả, hợp tác và cải tiến liên tục | D29: 5.1. Phát triển nguồn lực tài chính bền vững: tỷ lệ tích luỹ tối thiểu 10%/ năm. | E29: 5.1. Phát triển nguồn lực tài chính bền vững | F29: MF1: Hoàn thành 100% kế hoạch Phân bổ tiêu đúng tiến độ và đúng quy định trong năm học. | H29: x | I29: x | J29: x | K29: x | L29: =VALUE(INDEX(G$1:K$1,MATCH("x",G29:K29,0))) -> 2026 | M29: 100 | N29: =IF(M29>=100,"Hoàn thành",IF(M29>0,"Đang thực hiện",IF(L29>YEAR(TODAY()),"Chưa đến hạn","Không đạt"))) -> Hoàn thành
A30: 29 | B30: O5 | C30: Quản trị đại học: Hiệu quả, hợp tác và cải tiến liên tục | D30: 5.1. Phát triển nguồn lực tài chính bền vững: tỷ lệ tích luỹ tối thiểu 10%/ năm. | E30: 5.1. Phát triển nguồn lực tài chính bền vững | F30: MF2: Giảm ≥ 10% Phân bổ phí hành chính thông qua tối ưu quy trình và sử dụng hiệu quả nguồn lực. | H30: x | I30: x | J30: x | K30: x | L30: =VALUE(INDEX(G$1:K$1,MATCH("x",G30:K30,0))) -> 2026 | M30: 100 | N30: =IF(M30>=100,"Hoàn thành",IF(M30>0,"Đang thực hiện",IF(L30>YEAR(TODAY()),"Chưa đến hạn","Không đạt"))) -> Hoàn thành
A31: 30 | B31: O5 | C31: Quản trị đại học: Hiệu quả, hợp tác và cải tiến liên tục | D31: 5.1. Phát triển nguồn lực tài chính bền vững: tỷ lệ tích luỹ tối thiểu 10%/ năm. | E31: 5.1. Phát triển nguồn lực tài chính bền vững | F31: MF3: Xây dựng kế hoạch về việc phân bổ ngân sách theo nhu cầu thực tế | H31: x | I31: x | J31: x | K31: x | L31: =VALUE(INDEX(G$1:K$1,MATCH("x",G31:K31,0))) -> 2026 | M31: 100 | N31: =IF(M31>=100,"Hoàn thành",IF(M31>0,"Đang thực hiện",IF(L31>YEAR(TODAY()),"Chưa đến hạn","Không đạt"))) -> Hoàn thành
A32: 31 | B32: O5 | C32: Quản trị đại học: Hiệu quả, hợp tác và cải tiến liên tục | D32: 5.2. Xây dựng văn hoá UMP; phát triển đội ngũ giảng viên và hỗ trợ đạt chuẩn đại học định hướng nghiên cứu. | E32: 5.2. Xây dựng quy chế văn hóa công sở UMP, phát triển nguồn nhân sự của P.HCTH đạt chuẩn đại học định hướng nghiên cứu | F32: MF1: Xây dựng và ban hành quy chế Văn hóa công sở UMP. | H32: x | L32: =VALUE(INDEX(G$1:K$1,MATCH("x",G32:K32,0))) -> 2026 | M32: 90 | N32: =IF(M32>=100,"Hoàn thành",IF(M32>0,"Đang thực hiện",IF(L32>YEAR(TODAY()),"Chưa đến hạn","Không đạt"))) -> Đang thực hiện
A33: 32 | B33: O5 | C33: Quản trị đại học: Hiệu quả, hợp tác và cải tiến liên tục | D33: 5.2. Xây dựng văn hoá UMP; phát triển đội ngũ giảng viên và hỗ trợ đạt chuẩn đại học định hướng nghiên cứu. | E33: 5.2. Xây dựng quy chế văn hóa công sở UMP, phát triển nguồn nhân sự của P.HCTH đạt chuẩn đại học định hướng nghiên cứu | F33: MF2: 100% đội ngũ cán bộ lãnh đạo, quản lý, cán bộ quy hoạch tham gia đào tạo theo Kế hoạch 5 năm. | J33: x | K33: x | L33: =VALUE(INDEX(G$1:K$1,MATCH("x",G33:K33,0))) -> 2028 | M33: 0 | N33: =IF(M33>=100,"Hoàn thành",IF(M33>0,"Đang thực hiện",IF(L33>YEAR(TODAY()),"Chưa đến hạn","Không đạt"))) -> Chưa đến hạn
A34: 33 | B34: O5 | C34: Quản trị đại học: Hiệu quả, hợp tác và cải tiến liên tục | D34: 5.2. Xây dựng văn hoá UMP; phát triển đội ngũ giảng viên và hỗ trợ đạt chuẩn đại học định hướng nghiên cứu. | E34: 5.2. Xây dựng quy chế văn hóa công sở UMP, phát triển nguồn nhân sự của P.HCTH đạt chuẩn đại học định hướng nghiên cứu | F34: MF3: Xây dựng và triển khai kế hoạch truyền thông kỷ niệm 80 năm thành lập trường. | H34: x | I34: x | L34: =VALUE(INDEX(G$1:K$1,MATCH("x",G34:K34,0))) -> 2026 | M34: 100 | N34: =IF(M34>=100,"Hoàn thành",IF(M34>0,"Đang thực hiện",IF(L34>YEAR(TODAY()),"Chưa đến hạn","Không đạt"))) -> Hoàn thành
A35: 34 | B35: O5 | C35: Quản trị đại học: Hiệu quả, hợp tác và cải tiến liên tục | D35: 5.3. Chuyển đổi số trong quản trị, đào tạo, nghiên cứu khoa học. Hoàn thành dự án ERP. | E35: 5.3. 100% các Quy trình chuẩn SOP được đưa lên hệ thống ERP; số hóa tài liệu phục vụ công tác chuyển đổi số | F35: MF1: Số hóa ≥ 70% tài liệu hành chính đã được chỉnh lý. | H35: x | I35: x | L35: =VALUE(INDEX(G$1:K$1,MATCH("x",G35:K35,0))) -> 2026 | M35: 0 | N35: =IF(M35>=100,"Hoàn thành",IF(M35>0,"Đang thực hiện",IF(L35>YEAR(TODAY()),"Chưa đến hạn","Không đạt"))) -> Không đạt
A36: 35 | B36: O5 | C36: Quản trị đại học: Hiệu quả, hợp tác và cải tiến liên tục | D36: 5.3. Chuyển đổi số trong quản trị, đào tạo, nghiên cứu khoa học. Hoàn thành dự án ERP. | E36: 5.3. 100% các Quy trình chuẩn SOP được đưa lên hệ thống ERP; số hóa tài liệu phục vụ công tác chuyển đổi số | F36: MF2: 100% SOP hành chính của phòng HCTH được tích hợp lên hệ thống ERP | I36: x | L36: =VALUE(INDEX(G$1:K$1,MATCH("x",G36:K36,0))) -> 2027 | M36: 0 | N36: =IF(M36>=100,"Hoàn thành",IF(M36>0,"Đang thực hiện",IF(L36>YEAR(TODAY()),"Chưa đến hạn","Không đạt"))) -> Chưa đến hạn
A37: 36 | B37: O5 | C37: Quản trị đại học: Hiệu quả, hợp tác và cải tiến liên tục | D37: 5.3. Chuyển đổi số trong quản trị, đào tạo, nghiên cứu khoa học. Hoàn thành dự án ERP. | E37: 5.3. 100% các Quy trình chuẩn SOP được đưa lên hệ thống ERP; số hóa tài liệu phục vụ công tác chuyển đổi số | F37: MF3: Tổ chức ít nhất 1 Hội thảo, một kỳ thi về công tác văn thư, lưu trữ mỗi năm. | G37: x | H37: x | I37: x | J37: x | K37: x | L37: =VALUE(INDEX(G$1:K$1,MATCH("x",G37:K37,0))) -> 2025 | M37: 100 | N37: =IF(M37>=100,"Hoàn thành",IF(M37>0,"Đang thực hiện",IF(L37>YEAR(TODAY()),"Chưa đến hạn","Không đạt"))) -> Hoàn thành
A38: 37 | B38: O5 | C38: Quản trị đại học: Hiệu quả, hợp tác và cải tiến liên tục | D38: 5.3. Chuyển đổi số trong quản trị, đào tạo, nghiên cứu khoa học. Hoàn thành dự án ERP. | E38: 5.3. 100% các Quy trình chuẩn SOP được đưa lên hệ thống ERP; số hóa tài liệu phục vụ công tác chuyển đổi số | F38: MF3: Tổ chức ít nhất 1 Hội thảo, một kỳ thi về công tác văn thư, lưu trữ mỗi năm. | H38: x | L38: =VALUE(INDEX(G$1:K$1,MATCH("x",G38:K38,0))) -> 2026 | M38: 100 | N38: =IF(M38>=100,"Hoàn thành",IF(M38>0,"Đang thực hiện",IF(L38>YEAR(TODAY()),"Chưa đến hạn","Không đạt"))) -> Hoàn thành

Sheet Dashboard
A1: Trạng thái | B1: Giá trị
A2: Hoàn thành | B2: =Summary!C5 -> 17
A3: Đang thực hiện | B3: =Summary!C6 -> 3
A4: Không đạt | B4: =Summary!C7 -> 4
A5: Chưa đến hạn | B5: =Summary!C8 -> 13
A25: Objective | B25: % Hoàn thành
A26: O1 | B26: =Summary!D9 -> 1
A27: O2 | B27: =Summary!E9 -> 0.625
A28: O3 | B28: =Summary!F9 -> 0.6
A29: O4 | B29: =Summary!G9 -> 1
A30: O5 | B30: =Summary!H9 -> 0.75
A45: Trạng thái | B45: O1 | C45: O2 | D45: O3 | E45: O4 | F45: O5
A46: Hoàn thành | B46: =Summary!D5 -> 2 | C46: =Summary!E5 -> 5 | D46: =Summary!F5 -> 3 | E46: =Summary!G5 -> 1 | F46: =Summary!H5 -> 6
A47: Đang thực hiện | B47: =Summary!D6 -> 0 | C47: =Summary!E6 -> 1 | D47: =Summary!F6 -> 1 | E47: =Summary!G6 -> 0 | F47: =Summary!H6 -> 1
A48: Không đạt | B48: =Summary!D7 -> 0 | C48: =Summary!E7 -> 2 | D48: =Summary!F7 -> 1 | E48: =Summary!G7 -> 0 | F48: =Summary!H7 -> 1
A49: Chưa đến hạn | B49: =Summary!D8 -> 6 | C49: =Summary!E8 -> 0 | D49: =Summary!F8 -> 1 | E49: =Summary!G8 -> 4 | F49: =Summary!H8 -> 2

Sheet Summary
C2: Chung | D2: O1 | E2: O2 | F2: O3 | G2: O4 | H2: O5
B3: Tổng KPI | C3: =ROWS(tblData[Trạng thái]) -> 37 | D3: =COUNTIF(tblData[No],D$2) -> 8 | E3: =COUNTIF(tblData[No],E$2) -> 8 | F3: =COUNTIF(tblData[No],F$2) -> 6 | G3: =COUNTIF(tblData[No],G$2) -> 5 | H3: =COUNTIF(tblData[No],H$2) -> 10
B4: KPI đến hạn | C4: =COUNTIF(tblData[Năm đích],"<="&YEAR(TODAY())) -> 24 | D4: =COUNTIFS(tblData[No],D$2,tblData[Năm đích],"<="&YEAR(TODAY())) -> 2 | E4: =COUNTIFS(tblData[No],E$2,tblData[Năm đích],"<="&YEAR(TODAY())) -> 8 | F4: =COUNTIFS(tblData[No],F$2,tblData[Năm đích],"<="&YEAR(TODAY())) -> 5 | G4: =COUNTIFS(tblData[No],G$2,tblData[Năm đích],"<="&YEAR(TODAY())) -> 1 | H4: =COUNTIFS(tblData[No],H$2,tblData[Năm đích],"<="&YEAR(TODAY())) -> 8
B5: KPI hoàn thành | C5: =COUNTIFS(tblData[Năm đích],"<="&YEAR(TODAY()),tblData[Trạng thái],"Hoàn thành") -> 17 | D5: =COUNTIFS(tblData[No],D$2,tblData[Năm đích],"<="&YEAR(TODAY()),tblData[Trạng thái],"Hoàn thành") -> 2 | E5: =COUNTIFS(tblData[No],E$2,tblData[Năm đích],"<="&YEAR(TODAY()),tblData[Trạng thái],"Hoàn thành") -> 5 | F5: =COUNTIFS(tblData[No],F$2,tblData[Năm đích],"<="&YEAR(TODAY()),tblData[Trạng thái],"Hoàn thành") -> 3 | G5: =COUNTIFS(tblData[No],G$2,tblData[Năm đích],"<="&YEAR(TODAY()),tblData[Trạng thái],"Hoàn thành") -> 1 | H5: =COUNTIFS(tblData[No],H$2,tblData[Năm đích],"<="&YEAR(TODAY()),tblData[Trạng thái],"Hoàn thành") -> 6
B6: KPI đang thực hiện | C6: =COUNTIFS(tblData[Năm đích],"<="&YEAR(TODAY()),tblData[Trạng thái],"Đang thực hiện") -> 3 | D6: =COUNTIFS(tblData[No],D$2,tblData[Năm đích],"<="&YEAR(TODAY()),tblData[Trạng thái],"Đang thực hiện") -> 0 | E6: =COUNTIFS(tblData[No],E$2,tblData[Năm đích],"<="&YEAR(TODAY()),tblData[Trạng thái],"Đang thực hiện") -> 1 | F6: =COUNTIFS(tblData[No],F$2,tblData[Năm đích],"<="&YEAR(TODAY()),tblData[Trạng thái],"Đang thực hiện") -> 1 | G6: =COUNTIFS(tblData[No],G$2,tblData[Năm đích],"<="&YEAR(TODAY()),tblData[Trạng thái],"Đang thực hiện") -> 0 | H6: =COUNTIFS(tblData[No],H$2,tblData[Năm đích],"<="&YEAR(TODAY()),tblData[Trạng thái],"Đang thực hiện") -> 1
B7: KPI không đạt | C7: =COUNTIFS(tblData[Năm đích],"<="&YEAR(TODAY()),tblData[Trạng thái],"Không đạt") -> 4 | D7: =COUNTIFS(tblData[No],D$2,tblData[Năm đích],"<="&YEAR(TODAY()),tblData[Trạng thái],"Không đạt") -> 0 | E7: =COUNTIFS(tblData[No],E$2,tblData[Năm đích],"<="&YEAR(TODAY()),tblData[Trạng thái],"Không đạt") -> 2 | F7: =COUNTIFS(tblData[No],F$2,tblData[Năm đích],"<="&YEAR(TODAY()),tblData[Trạng thái],"Không đạt") -> 1 | G7: =COUNTIFS(tblData[No],G$2,tblData[Năm đích],"<="&YEAR(TODAY()),tblData[Trạng thái],"Không đạt") -> 0 | H7: =COUNTIFS(tblData[No],H$2,tblData[Năm đích],"<="&YEAR(TODAY()),tblData[Trạng thái],"Không đạt") -> 1
B8: KPI chưa đến hạn | C8: =COUNTIFS(tblData[Năm đích],">"&YEAR(TODAY())) -> 13 | D8: =COUNTIFS(tblData[No],D$2,tblData[Năm đích],">"&YEAR(TODAY())) -> 6 | E8: =COUNTIFS(tblData[No],E$2,tblData[Năm đích],">"&YEAR(TODAY())) -> 0 | F8: =COUNTIFS(tblData[No],F$2,tblData[Năm đích],">"&YEAR(TODAY())) -> 1 | G8: =COUNTIFS(tblData[No],G$2,tblData[Năm đích],">"&YEAR(TODAY())) -> 4 | H8: =COUNTIFS(tblData[No],H$2,tblData[Năm đích],">"&YEAR(TODAY())) -> 2
B9: Tỷ lệ hoàn thành | C9: =C5/C4 -> 0.70833333 | D9: =D5/D4 -> 1 | E9: =E5/E4 -> 0.625 | F9: =F5/F4 -> 0.6 | G9: =G5/G4 -> 1 | H9: =H5/H4 -> 0.75
B10: Tỷ lệ hoàn thành + đang thực hiện | C10: =(C5+C6)/C4 -> 0.83333333 | D10: =(D5+D6)/D4 -> 1 | E10: =(E5+E6)/E4 -> 0.75 | F10: =(F5+F6)/F4 -> 0.8 | G10: =(G5+G6)/G4 -> 1 | H10: =(H5+H6)/H4 -> 0.875
